{
  "total_requests": 623,
  "successful": 0,
  "failed": 623,
  "latencies": [
    86.4417552947998,
    86.6689682006836,
    87.21685409545898,
    87.57448196411133,
    87.8758430480957,
    88.02485466003418,
    88.32836151123047,
    88.35411071777344,
    88.41848373413086,
    88.46688270568848,
    88.592529296875,
    88.63639831542969,
    88.93990516662598,
    88.99188041687012,
    89.00785446166992,
    89.08534049987793,
    89.13350105285645,
    89.2953872680664,
    89.55121040344238,
    89.57624435424805,
    89.97297286987305,
    90.0733470916748,
    90.08455276489258,
    90.09790420532227,
    90.17229080200195,
    90.30628204345703,
    90.43765068054199,
    90.57879447937012,
    90.70611000061035,
    90.7132625579834,
    90.94119071960449,
    90.99340438842773,
    91.10236167907715,
    91.14551544189453,
    91.28022193908691,
    91.36247634887695,
    91.60733222961426,
    91.66431427001953,
    91.74513816833496,
    92.2994613647461,
    92.31686592102051,
    92.4222469329834,
    92.66471862792969,
    93.16444396972656,
    93.23525428771973,
    93.40214729309082,
    93.7192440032959,
    93.97387504577637,
    93.98913383483887,
    94.22731399536133,
    94.56896781921387,
    94.67148780822754,
    95.19219398498535,
    95.51119804382324,
    120.06068229675293,
    129.44889068603516,
    173.00844192504883,
    174.29304122924805,
    174.35050010681152,
    174.48902130126953,
    174.49569702148438,
    175.22239685058594,
    175.22835731506348,
    175.4739284515381,
    175.4777431488037,
    175.48060417175293,
    175.48489570617676,
    175.76098442077637,
    175.80413818359375,
    175.8263111114502,
    175.86588859558105,
    175.99749565124512,
    176.0251522064209,
    176.4543056488037,
    176.588773727417,
    176.66006088256836,
    176.76544189453125,
    176.87296867370605,
    177.0775318145752,
    177.15096473693848,
    177.27136611938477,
    177.3393154144287,
    178.13706398010254,
    178.27391624450684,
    178.29418182373047,
    178.59292030334473,
    178.64108085632324,
    178.8654327392578,
    179.0010929107666,
    179.31866645812988,
    179.37111854553223,
    179.38971519470215,
    179.71181869506836,
    179.7938346862793,
    180.65357208251953,
    181.09679222106934,
    181.31256103515625,
    181.46276473999023,
    181.58817291259766,
    181.61988258361816,
    182.09409713745117,
    182.21569061279297,
    182.2223663330078,
    182.42311477661133,
    183.06422233581543,
    183.2904815673828,
    183.41350555419922,
    183.76421928405762,
    185.68181991577148,
    246.60515785217285,
    246.77586555480957,
    262.8061771392822,
    264.74952697753906,
    264.7707462310791,
    264.8739814758301,
    265.0465965270996,
    265.1047706604004,
    265.99788665771484,
    266.0691738128662,
    266.1571502685547,
    266.70289039611816,
    266.73150062561035,
    267.15636253356934,
    267.18735694885254,
    267.2107219696045,
    267.2920227050781,
    267.29655265808105,
    267.4992084503174,
    268.6302661895752,
    268.8484191894531,
    269.03820037841797,
    269.0455913543701,
    269.53959465026855,
    270.4200744628906,
    270.7536220550537,
    270.7693576812744,
    270.8628177642822,
    270.92480659484863,
    270.9665298461914,
    270.9949016571045,
    271.7587947845459,
    272.2916603088379,
    272.3214626312256,
    272.3219394683838,
    272.4301815032959,
    272.5834846496582,
    273.36692810058594,
    273.42677116394043,
    275.2799987792969,
    275.5262851715088,
    275.6679058074951,
    277.7409553527832,
    277.7442932128906,
    314.1665458679199,
    314.1741752624512,
    316.4229393005371,
    350.85034370422363,
    350.97408294677734,
    351.00650787353516,
    351.8226146697998,
    352.79107093811035,
    352.88214683532715,
    353.0082702636719,
    355.588436126709,
    355.8235168457031,
    355.8671474456787,
    356.20832443237305,
    356.9178581237793,
    357.03253746032715,
    357.41400718688965,
    358.4926128387451,
    359.3730926513672,
    359.76719856262207,
    359.79580879211426,
    359.85398292541504,
    360.0423336029053,
    360.1031303405762,
    360.46290397644043,
    360.6410026550293,
    360.77260971069336,
    360.80384254455566,
    360.8238697052002,
    360.87942123413086,
    360.886812210083,
    360.98504066467285,
    360.99720001220703,
    362.2777462005615,
    362.3676300048828,
    362.5199794769287,
    362.82968521118164,
    363.59238624572754,
    363.70110511779785,
    363.7845516204834,
    363.83557319641113,
    364.3767833709717,
    365.0634288787842,
    365.13328552246094,
    365.156888961792,
    366.59836769104004,
    370.9108829498291,
    372.3123073577881,
    373.3994960784912,
    373.55709075927734,
    373.60191345214844,
    378.8142204284668,
    379.08196449279785,
    379.13990020751953,
    431.66327476501465,
    431.793212890625,
    431.9736957550049,
    434.5426559448242,
    434.99040603637695,
    435.1177215576172,
    435.2223873138428,
    435.3370666503906,
    437.06774711608887,
    439.73779678344727,
    439.85772132873535,
    440.1063919067383,
    440.2015209197998,
    443.73607635498047,
    446.58541679382324,
    447.5138187408447,
    447.76344299316406,
    447.86763191223145,
    447.91340827941895,
    447.9355812072754,
    449.1128921508789,
    449.2831230163574,
    449.3696689605713,
    449.41115379333496,
    449.4495391845703,
    449.4748115539551,
    449.63788986206055,
    449.7523307800293,
    449.9533176422119,
    450.22082328796387,
    450.3624439239502,
    450.4072666168213,
    450.5195617675781,
    451.9309997558594,
    452.4493217468262,
    452.6088237762451,
    452.78048515319824,
    452.81028747558594,
    452.85534858703613,
    452.9447555541992,
    453.0942440032959,
    453.26685905456543,
    453.460693359375,
    454.5741081237793,
    457.11350440979004,
    457.9741954803467,
    458.0700397491455,
    458.0709934234619,
    458.16946029663086,
    458.99438858032227,
    459.1057300567627,
    459.259033203125,
    459.2595100402832,
    459.3701362609863,
    459.46216583251953,
    459.5623016357422,
    459.5670700073242,
    463.3660316467285,
    470.9751605987549,
    522.6848125457764,
    522.8421688079834,
    522.8626728057861,
    522.9129791259766,
    522.9599475860596,
    526.0977745056152,
    537.6918315887451,
    537.7895832061768,
    537.9106998443604,
    538.2189750671387,
    538.2544994354248,
    538.557767868042,
    539.0110015869141,
    541.9154167175293,
    542.0119762420654,
    542.0854091644287,
    542.0897006988525,
    542.2179698944092,
    544.8384284973145,
    545.0289249420166,
    545.0546741485596,
    545.0723171234131,
    545.1030731201172,
    545.1920032501221,
    548.1357574462891,
    548.1629371643066,
    548.6161708831787,
    548.8896369934082,
    550.757646560669,
    550.7712364196777,
    550.9169101715088,
    550.94313621521,
    550.9583950042725,
    552.0660877227783,
    552.4206161499023,
    553.8687705993652,
    554.7935962677002,
    555.0885200500488,
    555.107593536377,
    555.2012920379639,
    555.2825927734375,
    555.2897453308105,
    556.725025177002,
    556.7436218261719,
    556.7538738250732,
    556.936502456665,
    557.04665184021,
    557.971715927124,
    560.6536865234375,
    560.6820583343506,
    560.6870651245117,
    560.8129501342773,
    560.8391761779785,
    625.6282329559326,
    625.6320476531982,
    625.7171630859375,
    625.7259845733643,
    625.7367134094238,
    625.7684230804443,
    627.9947757720947,
    627.997636795044,
    628.0844211578369,
    628.0853748321533,
    628.0999183654785,
    628.1330585479736,
    628.1960010528564,
    629.5690536499023,
    630.0418376922607,
    630.138635635376,
    630.3019523620605,
    630.3303241729736,
    630.3822994232178,
    630.8190822601318,
    630.856990814209,
    630.9523582458496,
