{
  "total_requests": 298,
  "successful": 298,
  "failed": 0,
  "latencies": [
    366.01972579956055,
    373.0578422546387,
    384.7696781158447,
    386.98887825012207,
    388.56029510498047,
    515.9080028533936,
    515.9811973571777,
    516.9227123260498,
    517.0433521270752,
    517.3101425170898,
    517.3397064208984,
    517.9197788238525,
    518.0494785308838,
    518.547773361206,
    518.613338470459,
    519.5367336273193,
    519.6254253387451,
    519.7389125823975,
    519.9153423309326,
    520.6077098846436,
    520.7855701446533,
    521.1293697357178,
    521.1622714996338,
    521.1644172668457,
    521.1989879608154,
    521.2643146514893,
    521.3155746459961,
    521.4600563049316,
    522.6798057556152,
    522.7446556091309,
    523.0875015258789,
    540.8873558044434,
    543.6878204345703,
    544.2750453948975,
    560.9762668609619,
    687.1743202209473,
    687.2315406799316,
    687.307596206665,
    687.324047088623,
    687.3619556427002,
    687.4418258666992,
    687.5064373016357,
    687.7307891845703,
    690.0155544281006,
    690.0537014007568,
    690.1447772979736,
    690.3247833251953,
    690.3533935546875,
    690.5515193939209,
    690.5934810638428,
    690.9863948822021,
    691.0431385040283,
    691.0767555236816,
    691.6406154632568,
    691.7073726654053,
    691.8628215789795,
    691.875696182251,
    692.021369934082,
    692.145824432373,
    692.1463012695312,
    693.7997341156006,
    710.1175785064697,
    710.2549076080322,
    711.7764949798584,
    711.8077278137207,
    715.8846855163574,
    716.0847187042236,
    861.2027168273926,
    861.2320423126221,
    862.0150089263916,
    862.1752262115479,
    862.377405166626,
    862.3940944671631,
    862.4091148376465,
    863.7185096740723,
    863.9116287231445,
    864.1948699951172,
    864.6154403686523,
    864.734411239624,
    864.769697189331,
    864.7890090942383,
    864.8791313171387,
    864.9940490722656,
    864.9978637695312,
    865.6761646270752,
    865.6764030456543,
    885.8504295349121,
    885.9286308288574,
    885.9343528747559,
    1018.3370113372803,
    1018.3956623077393,
    1018.3980464935303,
    1019.0644264221191,
    1019.1524028778076,
    1031.7766666412354,
    1031.8124294281006,
    1031.844139099121,
    1034.5122814178467,
    1034.5757007598877,
    1034.7132682800293,
    1037.4042987823486,
    1037.5306606292725,
    1037.536859512329,
    1038.3741855621338,
    1038.3753776550293,
    1038.5594367980957,
    1040.2779579162598,
    1040.4431819915771,
    1040.621280670166,
    1041.9695377349854,
    1041.994333267212,
    1042.0703887939453,
    1053.6339282989502,
    1053.6417961120605,
    1085.005760192871,
    1094.4089889526367,
    1204.488754272461,
    1204.5221328735352,
    1204.5502662658691,
    1204.935073852539,
    1205.1219940185547,
    1205.1329612731934,
    1205.1527500152588,
    1210.8237743377686,
    1210.8604907989502,
    1210.8895778656006,
    1212.4245166778564,
    1212.5227451324463,
    1212.6448154449463,
    1213.5987281799316,
    1213.7389183044434,
    1213.773250579834,
    1213.78755569458,
    1224.6592044830322,
    1224.6644496917725,
    1224.7636318206787,
    1232.7017784118652,
    1232.7461242675781,
    1232.8414916992188,
    1234.9965572357178,
    1235.0304126739502,
    1235.0366115570068,
    1235.1455688476562,
    1304.183006286621,
    1304.2018413543701,
    1304.2516708374023,
    1304.2762279510498,
    1304.3737411499023,
    1304.431438446045,
    1382.2288513183594,
    1382.232904434204,
    1382.657527923584,
    1382.7476501464844,
    1383.3751678466797,
    1383.4075927734375,
    1383.5036754608154,
    1384.4196796417236,
    1384.4537734985352,
    1384.6001625061035,
    1384.6862316131592,
    1384.711503982544,
    1385.2825164794922,
    1385.300636291504,
    1385.4758739471436,
    1398.5834121704102,
    1398.7078666687012,
    1398.822546005249,
    1477.1850109100342,
    1488.7263774871826,
    1495.2783584594727,
    1552.018404006958,
    1552.2570610046387,
    1552.257776260376,
    1552.2830486297607,
    1552.3724555969238,
    1552.398681640625,
    1555.7897090911865,
    1555.821180343628,
    1555.8922290802002,
    1595.0579643249512,
    1610.3153228759766,
    1610.3181838989258,
    1610.529899597168,
    1674.3414402008057,
    1674.3690967559814,
    1674.4029521942139,
    1674.443006515503,
    1674.6602058410645,
    1709.160327911377,
    1714.808464050293,
    1715.024471282959,
    1715.0769233703613,
    1716.6411876678467,
    1716.726541519165,
    1716.9690132141113,
    1717.0324325561523,
    1717.130184173584,
    1717.174768447876,
    1719.3396091461182,
    1719.4054126739502,
    1719.4080352783203,
    1719.4101810455322,
    1719.4111347198486,
    1719.4619178771973,
    1719.4628715515137,
    1719.547986984253,
    1719.5489406585693,
    1719.5994853973389,
    1719.6002006530762,
    1719.6145057678223,
    1719.6898460388184,
    1719.6998596191406,
    1720.7355499267578,
    1720.9057807922363,
    1721.1506366729736,
    1721.156358718872,
    1721.278429031372,
    1721.3890552520752,
    1722.736120223999,
    1722.7909564971924,
    1722.8240966796875,
    1722.8739261627197,
    1722.8741645812988,
    1722.9015827178955,
    1722.970724105835,
    1723.036289215088,
    1723.0496406555176,
    1723.1650352478027,
    1723.184585571289,
    1723.2980728149414,
    1723.3448028564453,
    1723.4158515930176,
    1723.447561264038,
    1724.2069244384766,
    1724.337100982666,
    1724.3404388427734,
    1724.3578433990479,
    1724.3592739105225,
    1724.3919372558594,
    1724.3995666503906,
    1724.4949340820312,
    1724.562406539917,
    1724.5705127716064,
    1724.6348857879639,
    1724.6732711791992,
    1724.7772216796875,
    1724.8027324676514,
    1725.5284786224365,
    1725.5308628082275,
    1725.6224155426025,
    1725.7306575775146,
    1725.8188724517822,
    1725.825309753418,
    1725.8265018463135,
    1726.438045501709,
    1726.4437675476074,
    1726.4456748962402,
    1727.9846668243408,
    1728.078842163086,
    1728.078842163086,
    1728.0840873718262,
    1728.149652481079,
    1728.1792163848877,
    1728.2345294952393,
    1742.8429126739502,
    1742.9709434509277,
    1743.251085281372,
    1743.2920932769775,
    1743.3481216430664,
    1743.3550357818604,
    1743.436574935913,
    1743.438720703125,
    1743.459939956665,
    1743.5553073883057,
    1787.139892578125,
    1787.2192859649658,
    1787.2965335845947,
    1787.374496459961,
    1787.4839305877686,
    1787.5370979309082,
    1787.5549793243408,
    1788.2630825042725,
    1788.360595703125,
    1788.506269454956,
    1911.2670421600342,
    1938.359260559082,
    1947.2527503967285,
    2051.7897605895996,
    2708.0631256103516,
    2711.820125579834,
    2711.8210792541504,
    2712.0285034179688,
    2712.0301723480225,
    2712.0304107666016,
    2716.3310050964355,
    2772.4454402923584,
    2772.5300788879395,
    2772.6826667785645
  ],
  "errors": {},
  "config": {
    "prompt_url": "http://10.3.23.98:8003/api/services/vllm/sg-12ffab8a015e/prompt",
    "service_id": "sg-12ffab8a015e",
    "num_clients": 10,
    "requests_per_second": 0.2,
    "duration_seconds": 60,
    "prompts": [
      "Write a short poem about AI.",
      "Explain what machine learning is.",
      "Tell me a fun fact about computers.",
      "What is Python programming?"
    ],
    "max_tokens": 50,
    "temperature": 0.7,
    "results_file": "/app/logs/loadgen-results-586743.json"
  }
}