{
  "total_requests": 305,
  "successful": 305,
  "failed": 0,
  "latencies": [
    345.9429740905762,
    346.97461128234863,
    347.0292091369629,
    347.3329544067383,
    347.77212142944336,
    348.10686111450195,
    348.1488227844238,
    348.30784797668457,
    348.3929634094238,
    348.6328125,
    349.475622177124,
    357.7439785003662,
    360.2287769317627,
    360.37325859069824,
    371.1686134338379,
    394.31118965148926,
    395.97177505493164,
    421.71740531921387,
    433.34245681762695,
    516.6144371032715,
    516.6144371032715,
    516.8466567993164,
    518.4566974639893,
    518.4640884399414,
    518.9125537872314,
    519.193172454834,
    519.2561149597168,
    519.3047523498535,
    519.4432735443115,
    519.4742679595947,
    519.9272632598877,
    520.2081203460693,
    520.2102661132812,
    520.6506252288818,
    520.9002494812012,
    520.9343433380127,
    521.8720436096191,
    521.876335144043,
    522.0575332641602,
    522.061824798584,
    522.148609161377,
    522.2008228302002,
    522.2012996673584,
    522.4039554595947,
    522.7413177490234,
    523.4889984130859,
    525.2118110656738,
    525.3221988677979,
    535.8293056488037,
    690.4890537261963,
    690.5529499053955,
    690.6414031982422,
    691.4620399475098,
    693.7024593353271,
    693.8173770904541,
    693.8381195068359,
    693.8955783843994,
    693.9661502838135,
    694.1041946411133,
    694.1206455230713,
    696.9666481018066,
    696.9718933105469,
    697.1542835235596,
    698.6782550811768,
    699.3982791900635,
    699.4059085845947,
    699.5854377746582,
    700.5507946014404,
    709.5892429351807,
    709.6469402313232,
    709.7458839416504,
    861.7331981658936,
    861.8218898773193,
    862.9581928253174,
    863.1043434143066,
    863.8687133789062,
    864.199161529541,
    864.269495010376,
    864.3479347229004,
    866.1837577819824,
    866.2130832672119,
    866.3015365600586,
    866.4188385009766,
    866.5933609008789,
    866.6534423828125,
    867.3253059387207,
    867.8374290466309,
    885.8680725097656,
    885.8709335327148,
    886.082649230957,
    887.7182006835938,
    887.7828121185303,
    911.952018737793,
    948.0094909667969,
    948.0986595153809,
    949.2323398590088,
    949.2712020874023,
    949.2895603179932,
    989.8257255554199,
    1036.3023281097412,
    1036.3905429840088,
    1036.4441871643066,
    1036.6168022155762,
    1036.6175174713135,
    1036.7977619171143,
    1036.8707180023193,
    1036.8752479553223,
    1037.1463298797607,
    1037.184238433838,
    1037.273645401001,
    1037.3175144195557,
    1037.3592376708984,
    1037.9433631896973,
    1038.02490234375,
    1038.9249324798584,
    1039.0214920043945,
    1039.522409439087,
    1039.538860321045,
    1040.8060550689697,
    1040.8203601837158,
    1041.7304039001465,
    1041.733980178833,
    1041.8322086334229,
    1041.9771671295166,
    1042.2451496124268,
    1042.248249053955,
    1042.2484874725342,
    1042.5794124603271,
    1110.6972694396973,
    1206.6757678985596,
    1206.7985534667969,
    1206.8350315093994,
    1206.8581581115723,
    1206.946849822998,
    1207.038402557373,
    1207.0660591125488,
    1207.1616649627686,
    1207.575798034668,
    1207.8328132629395,
    1207.9970836639404,
    1208.796501159668,
    1208.8267803192139,
    1208.9016437530518,
    1209.075689315796,
    1210.6115818023682,
    1210.625171661377,
    1210.6482982635498,
    1210.676670074463,
    1210.7460498809814,
    1211.578130722046,
    1211.632490158081,
    1213.0298614501953,
    1213.0556106567383,
    1213.0906581878662,
    1213.1612300872803,
    1213.252067565918,
    1237.6697063446045,
    1237.799882888794,
    1238.1725311279297,
    1253.2432079315186,
    1380.9380531311035,
    1380.9683322906494,
    1380.985975265503,
    1381.0021877288818,
    1381.127119064331,
    1381.1616897583008,
    1381.2987804412842,
    1382.1957111358643,
    1382.2827339172363,
    1382.3041915893555,
    1382.3559284210205,
    1382.3840618133545,
    1382.4200630187988,
    1382.4419975280762,
    1382.524013519287,
    1384.3138217926025,
    1384.4106197357178,
    1385.7653141021729,
    1385.922908782959,
    1385.9505653381348,
    1385.9601020812988,
    1385.9729766845703,
    1385.9984874725342,
    1455.8720588684082,
    1455.9569358825684,
    1455.9640884399414,
    1455.9648036956787,
    1455.9895992279053,
    1456.134557723999,
    1457.9567909240723,
    1458.0175876617432,
    1472.6204872131348,
    1475.592851638794,
    1487.1103763580322,
    1491.2965297698975,
    1541.7702198028564,
    1553.3781051635742,
    1553.4138679504395,
    1553.546667098999,
    1553.5798072814941,
    1553.5838603973389,
    1553.6093711853027,
    1553.633213043213,
    1554.7356605529785,
    1554.7726154327393,
    1555.6025505065918,
    1555.7000637054443,
    1556.1151504516602,
    1556.1416149139404,
    1556.1492443084717,
    1556.1845302581787,
    1557.0995807647705,
    1557.2357177734375,
    1557.262897491455,
    1557.3182106018066,
    1559.3187808990479,
    1559.553623199463,
    1559.5653057098389,
    1559.5686435699463,
    1559.5934391021729,
    1559.6177577972412,
    1559.6394538879395,
    1677.4425506591797,
    1726.8097400665283,
    1727.0143032073975,
    1727.036714553833,
    1727.0610332489014,
    1727.161169052124,
    1727.1614074707031,
    1727.165699005127,
    1727.2284030914307,
    1727.25248336792,
    1727.346658706665,
    1727.4665832519531,
    1727.5059223175049,
    1727.5846004486084,
    1727.6229858398438,
    1727.6623249053955,
    1727.6699542999268,
    1727.6759147644043,
    1727.6959419250488,
    1727.7429103851318,
    1728.0220985412598,
    1728.2202243804932,
    1728.3637523651123,
    1728.5099029541016,
    1728.6677360534668,
    1728.9056777954102,
    1728.9676666259766,
    1729.0806770324707,
    1729.130506515503,
    1729.1803359985352,
    1729.2532920837402,
    1729.4447422027588,
    1729.5036315917969,
    1729.5539379119873,
    1729.5572757720947,
    1729.6264171600342,
    1729.748010635376,
    1729.752540588379,
    1729.7544479370117,
    1730.1712036132812,
    1730.1719188690186,
    1731.2357425689697,
    1731.6005229949951,
    1731.616497039795,
    1731.6656112670898,
    1731.7018508911133,
    1731.715202331543,
    1731.9221496582031,
    1732.0539951324463,
    1732.1209907531738,
    1732.2187423706055,
    1732.25998878479,
    1732.3310375213623,
    1732.520341873169,
    1732.5220108032227,
    1732.541799545288,
    1732.5992584228516,
    1732.677698135376,
    1732.9506874084473,
    1732.9514026641846,
    1734.2112064361572,
    1734.2338562011719,
    1734.3113422393799,
    1734.346628189087,
    1734.398365020752,
    1734.4012260437012,
    1734.492540359497,
    1734.588623046875,
    1734.72261428833,
    1734.7400188446045,
    2099.071264266968,
    2110.0099086761475,
    2266.885280609131,
    2838.58323097229,
    2838.6120796203613,
    2842.3409461975098,
    2842.341899871826,
    2842.3447608947754,
    2842.3452377319336,
    2842.593193054199,
    2842.6125049591064,
    2842.613697052002,
    2842.838764190674
  ],
  "errors": {},
  "config": {
    "prompt_url": "http://10.3.23.246:8003/api/services/vllm/sg-045b92c5b7ba/prompt",
    "service_id": "sg-045b92c5b7ba",
    "num_clients": 10,
    "requests_per_second": 0.2,
    "duration_seconds": 60,
    "prompts": [
      "Write a short poem about AI.",
      "Explain what machine learning is.",
      "Tell me a fun fact about computers.",
      "What is Python programming?"
    ],
    "max_tokens": 50,
    "temperature": 0.7,
    "results_file": "/app/logs/loadgen-results-34417.json"
  }
}