{
  "total_requests": 304,
  "successful": 304,
  "failed": 0,
  "latencies": [
    342.2973155975342,
    342.8468704223633,
    343.1968688964844,
    343.2121276855469,
    344.81334686279297,
    345.31545639038086,
    345.7019329071045,
    345.75605392456055,
    345.83449363708496,
    346.9071388244629,
    347.3694324493408,
    347.42212295532227,
    348.5376834869385,
    349.2627143859863,
    349.46441650390625,
    353.4817695617676,
    355.45921325683594,
    355.8473587036133,
    357.12289810180664,
    358.781099319458,
    358.8128089904785,
    359.89975929260254,
    365.4792308807373,
    369.7633743286133,
    375.6427764892578,
    387.6762390136719,
    388.91077041625977,
    490.2200698852539,
    517.3449516296387,
    517.5652503967285,
    517.6763534545898,
    517.9643630981445,
    518.2511806488037,
    518.2652473449707,
    518.3699131011963,
    518.395185470581,
    518.4266567230225,
    518.4502601623535,
    518.578290939331,
    518.606424331665,
    519.0978050231934,
    519.4330215454102,
    519.4590091705322,
    519.4625854492188,
    520.2925205230713,
    520.6043720245361,
    520.6363201141357,
    521.2152004241943,
    521.5656757354736,
    521.7199325561523,
    522.444486618042,
    522.4461555480957,
    522.5348472595215,
    523.0109691619873,
    523.350715637207,
    523.4098434448242,
    524.3403911590576,
    611.3507747650146,
    684.3695640563965,
    684.394359588623,
    684.4615936279297,
    686.3391399383545,
    686.9750022888184,
    688.9114379882812,
    688.9736652374268,
    689.1849040985107,
    690.5663013458252,
    691.2190914154053,
    691.7397975921631,
    691.788911819458,
    691.8027400970459,
    692.0406818389893,
    692.1370029449463,
    692.1453475952148,
    693.5529708862305,
    693.6924457550049,
    693.7148571014404,
    693.8941478729248,
    696.2723731994629,
    696.5217590332031,
    696.6407299041748,
    698.7802982330322,
    846.4021682739258,
    847.4709987640381,
    847.4841117858887,
    860.6994152069092,
    862.8478050231934,
    862.9655838012695,
    862.9834651947021,
    863.1212711334229,
    863.4068965911865,
    865.3650283813477,
    865.7755851745605,
    866.1246299743652,
    866.1355972290039,
    866.2512302398682,
    866.3027286529541,
    866.497278213501,
    866.5554523468018,
    866.5657043457031,
    867.4938678741455,
    868.0880069732666,
    868.1766986846924,
    868.2067394256592,
    868.4759140014648,
    868.5674667358398,
    868.584156036377,
    868.5951232910156,
    868.8211441040039,
    875.5073547363281,
    875.6182193756104,
    875.7064342498779,
    875.7669925689697,
    879.6811103820801,
    1033.5674285888672,
    1035.4909896850586,
    1035.5749130249023,
    1035.5961322784424,
    1035.7096195220947,
    1036.2131595611572,
    1036.2329483032227,
    1036.2489223480225,
    1036.4630222320557,
    1036.4742279052734,
    1036.4770889282227,
    1036.6883277893066,
    1036.8223190307617,
    1036.90505027771,
    1036.9250774383545,
    1037.00590133667,
    1037.0182991027832,
    1037.0831489562988,
    1037.1294021606445,
    1037.217617034912,
    1037.6174449920654,
    1037.9014015197754,
    1039.5276546478271,
    1039.937973022461,
    1040.712594985962,
    1040.985345840454,
    1041.1295890808105,
    1041.2604808807373,
    1041.3682460784912,
    1140.0094032287598,
    1155.4145812988281,
    1214.8492336273193,
    1378.5622119903564,
    1378.8418769836426,
    1378.899335861206,
    1378.9269924163818,
    1378.964900970459,
    1379.2569637298584,
    1379.3139457702637,
    1380.6521892547607,
    1385.8697414398193,
    1386.002540588379,
    1386.2249851226807,
    1386.3463401794434,
    1386.3790035247803,
    1386.4107131958008,
    1386.8300914764404,
    1397.7620601654053,
    1397.9644775390625,
    1398.162841796875,
    1398.2720375061035,
    1398.303508758545,
    1398.3557224273682,
    1398.4088897705078,
    1398.7951278686523,
    1404.3834209442139,
    1404.590129852295,
    1404.989242553711,
    1405.07173538208,
    1405.2481651306152,
    1405.4806232452393,
    1479.1951179504395,
    1530.7273864746094,
    1549.4263172149658,
    1549.66402053833,
    1549.8380661010742,
    1549.861192703247,
    1549.907922744751,
    1550.0073432922363,
    1550.7097244262695,
    1550.7166385650635,
    1550.7397651672363,
    1555.7653903961182,
    1555.9406280517578,
    1560.2798461914062,
    1560.8201026916504,
    1560.8408451080322,
    1560.8618259429932,
    1560.9748363494873,
    1560.9934329986572,
    1561.4831447601318,
    1648.026943206787,
    1648.360013961792,
    1648.4453678131104,
    1648.5075950622559,
    1648.7491130828857,
    1649.0328311920166,
    1652.9369354248047,
    1716.3927555084229,
    1716.735601425171,
    1716.7797088623047,
    1716.883659362793,
    1716.8858051300049,
    1716.9911861419678,
    1717.2338962554932,
    1717.414140701294,
    1717.423915863037,
    1717.4954414367676,
    1719.292163848877,
    1719.3341255187988,
    1719.4147109985352,
    1720.5331325531006,
    1721.00830078125,
    1721.1120128631592,
    1721.1127281188965,
    1721.2133407592773,
    1721.2269306182861,
    1721.3671207427979,
    1721.5960025787354,
    1722.0308780670166,
    1722.7909564971924,
    1722.991943359375,
    1722.9952812194824,
    1723.0968475341797,
    1723.1104373931885,
    1723.1531143188477,
    1723.1652736663818,
    1723.2933044433594,
    1723.750352859497,
    1723.7987518310547,
    1723.825454711914,
    1724.0054607391357,
    1724.2271900177002,
    1724.2357730865479,
    1724.3309020996094,
    1724.334716796875,
    1724.4446277618408,
    1724.4861125946045,
    1724.5185375213623,
    1724.6410846710205,
    1724.924087524414,
    1726.072072982788,
    1726.3765335083008,
    1726.4773845672607,
    1726.4971733093262,
    1726.5613079071045,
    1726.5872955322266,
    1726.590633392334,
    1726.628303527832,
    1726.72438621521,
    1726.9105911254883,
    1728.6150455474854,
    1730.5281162261963,
    1730.5736541748047,
    1742.4671649932861,
    1742.9778575897217,
    1743.0672645568848,
    1743.070363998413,
    1743.077039718628,
    1743.311882019043,
    1743.6680793762207,
    1764.9872303009033,
    1765.052080154419,
    1765.120029449463,
    1765.5766010284424,
    1765.7818794250488,
    1765.8562660217285,
    1765.8727169036865,
    1766.066551208496,
    1766.0717964172363,
    1767.4620151519775,
    1833.9629173278809,
    1834.2113494873047,
    1834.2366218566895,
    1834.2854976654053,
    1834.338903427124,
    1834.6056938171387,
    1834.7313404083252,
    1835.4544639587402,
    1835.5073928833008,
    1845.0441360473633,
    1869.3721294403076,
    1869.767427444458,
    1869.9567317962646,
    1869.9610233306885,
    1869.964599609375,
    1870.0554370880127,
    1870.56303024292,
    1890.0229930877686,
    1890.0246620178223,
    1890.0361061096191,
    2217.7300453186035,
    2259.6445083618164,
    3481.947422027588,
    3483.185291290283,
    3483.219623565674,
    3483.3030700683594,
    3483.543634414673,
    3675.3804683685303,
    4166.204929351807
  ],
  "errors": {},
  "config": {
    "prompt_url": "http://10.3.24.241:8003/api/services/vllm/sg-905f923156b4/prompt",
    "service_id": "sg-905f923156b4",
    "num_clients": 10,
    "requests_per_second": 0.2,
    "duration_seconds": 60,
    "prompts": [
      "Write a short poem about AI.",
      "Explain what machine learning is.",
      "Tell me a fun fact about computers.",
      "What is Python programming?"
    ],
    "max_tokens": 50,
    "temperature": 0.7,
    "results_file": "/app/logs/loadgen-results-209364.json"
  }
}