{
  "total_requests": 316,
  "successful": 316,
  "failed": 0,
  "latencies": [
    173.02274703979492,
    173.5835075378418,
    174.14093017578125,
    174.28255081176758,
    174.3302345275879,
    174.40223693847656,
    174.6499538421631,
    174.73793029785156,
    175.7216453552246,
    175.767183303833,
    175.88305473327637,
    176.84674263000488,
    179.03947830200195,
    188.9181137084961,
    311.83457374572754,
    346.543550491333,
    347.3379611968994,
    347.5375175476074,
    347.8057384490967,
    347.97096252441406,
    348.0651378631592,
    348.2470512390137,
    348.3235836029053,
    348.34933280944824,
    348.48833084106445,
    349.1959571838379,
    349.2627143859863,
    349.4415283203125,
    349.83372688293457,
    349.8985767364502,
    350.16608238220215,
    350.4655361175537,
    350.4936695098877,
    350.6753444671631,
    351.8342971801758,
    352.50401496887207,
    494.854211807251,
    519.0181732177734,
    519.1154479980469,
    519.4032192230225,
    521.4550495147705,
    521.514892578125,
    523.0159759521484,
    523.0545997619629,
    523.1482982635498,
    523.3097076416016,
    523.4284400939941,
    523.4348773956299,
    523.7979888916016,
    523.8118171691895,
    524.0960121154785,
    524.1365432739258,
    524.3532657623291,
    524.4183540344238,
    605.5099964141846,
    606.663703918457,
    607.6836585998535,
    673.2866764068604,
    673.506498336792,
    693.8674449920654,
    694.6554183959961,
    694.9954032897949,
    695.0554847717285,
    695.1236724853516,
    695.4636573791504,
    695.5611705780029,
    695.5738067626953,
    695.6601142883301,
    695.6851482391357,
    695.7719326019287,
    695.7905292510986,
    698.5325813293457,
    700.5956172943115,
    700.7737159729004,
    700.7803916931152,
    703.3536434173584,
    703.9351463317871,
    704.017162322998,
    859.891414642334,
    859.9066734313965,
    860.2447509765625,
    872.2517490386963,
    873.3053207397461,
    873.3224868774414,
    873.349666595459,
    873.3522891998291,
    873.3692169189453,
    873.4912872314453,
    873.5520839691162,
    873.5761642456055,
    873.8055229187012,
    873.845100402832,
    873.8725185394287,
    873.8975524902344,
    873.9526271820068,
    874.0067481994629,
    875.0255107879639,
    875.1735687255859,
    875.1778602600098,
    875.3135204315186,
    875.4446506500244,
    875.6461143493652,
    875.6816387176514,
    875.7302761077881,
    875.8165836334229,
    983.3278656005859,
    1034.4457626342773,
    1034.494161605835,
    1034.595251083374,
    1037.609338760376,
    1040.8251285552979,
    1042.6223278045654,
    1042.7556037902832,
    1042.764663696289,
    1042.7937507629395,
    1042.7944660186768,
    1042.8247451782227,
    1042.8400039672852,
    1042.8528785705566,
    1043.0963039398193,
    1043.1315898895264,
    1043.1618690490723,
    1043.4520244598389,
    1043.5383319854736,
    1043.562412261963,
    1043.6627864837646,
    1043.6980724334717,
    1044.8741912841797,
    1044.8782444000244,
    1045.0868606567383,
    1045.0901985168457,
    1045.090675354004,
    1045.3300476074219,
    1045.5145835876465,
    1045.6578731536865,
    1045.6831455230713,
    1045.7842350006104,
    1046.0984706878662,
    1046.2851524353027,
    1046.8361377716064,
    1046.8401908874512,
    1046.8552112579346,
    1048.354148864746,
    1198.913335800171,
    1199.2721557617188,
    1202.8517723083496,
    1219.6965217590332,
    1219.7809219360352,
    1219.8238372802734,
    1220.0062274932861,
    1220.083475112915,
    1220.0889587402344,
    1220.6671237945557,
    1221.0803031921387,
    1221.2748527526855,
    1221.3325500488281,
    1221.3690280914307,
    1221.3983535766602,
    1221.4665412902832,
    1221.4832305908203,
    1221.4889526367188,
    1221.587896347046,
    1221.6308116912842,
    1221.6744422912598,
    1221.7857837677002,
    1223.320484161377,
    1223.5839366912842,
    1223.8621711730957,
    1223.8643169403076,
    1224.1079807281494,
    1224.186658859253,
    1224.3211269378662,
    1224.5848178863525,
    1269.4692611694336,
    1389.4665241241455,
    1389.9424076080322,
    1389.9710178375244,
    1389.997959136963,
    1390.0268077850342,
    1390.0697231292725,
    1390.2182579040527,
    1390.2897834777832,
    1392.2595977783203,
    1392.268180847168,
    1392.2882080078125,
    1392.3976421356201,
    1392.4214839935303,
    1393.1102752685547,
    1393.1195735931396,
    1395.5192565917969,
    1395.9581851959229,
    1396.0325717926025,
    1396.0566520690918,
    1396.087408065796,
    1396.2233066558838,
    1396.2831497192383,
    1396.2886333465576,
    1396.3007926940918,
    1396.6515064239502,
    1397.7713584899902,
    1397.8068828582764,
    1397.8376388549805,
    1397.8397846221924,
    1397.8691101074219,
    1398.0185985565186,
    1569.650411605835,
    1570.0020790100098,
    1570.061445236206,
    1570.2075958251953,
    1570.3098773956299,
    1570.3225135803223,
    1570.4305171966553,
    1570.434331893921,
    1570.4700946807861,
    1664.0703678131104,
    1727.2355556488037,
    1727.5238037109375,
    1734.642744064331,
    1734.6463203430176,
    1734.6675395965576,
    1734.7455024719238,
    1734.8384857177734,
    1734.9402904510498,
    1734.9765300750732,
    1735.4655265808105,
    1735.605001449585,
    1735.7232570648193,
    1735.9755039215088,
    1735.9833717346191,
    1735.9862327575684,
    1736.020565032959,
    1736.0758781433105,
    1736.0804080963135,
    1736.0825538635254,
    1736.0825538635254,
    1736.1907958984375,
    1736.2923622131348,
    1737.1041774749756,
    1737.1678352355957,
    1737.1745109558105,
    1737.1973991394043,
    1737.2000217437744,
    1737.2040748596191,
    1737.205982208252,
    1737.2081279754639,
    1737.2970581054688,
    1737.3006343841553,
    1737.3054027557373,
    1737.307071685791,
    1737.398624420166,
    1737.4868392944336,
    1737.48779296875,
    1737.499713897705,
    1737.5047206878662,
    1737.5054359436035,
    1737.5974655151367,
    1738.1141185760498,
    1738.2352352142334,
    1738.7590408325195,
    1738.7666702270508,
    1738.769292831421,
    1738.8217449188232,
    1738.8296127319336,
    1738.889217376709,
    1738.926887512207,
    1738.9278411865234,
    1738.9576435089111,
    1738.959550857544,
    1739.1209602355957,
    1739.147424697876,
    1739.1905784606934,
    1739.2339706420898,
    1739.3171787261963,
    1739.469289779663,
    1739.6609783172607,
    1740.734338760376,
    1743.0167198181152,
    1743.4501647949219,
    1743.6611652374268,
    1744.0035343170166,
    1744.0707683563232,
    1744.0874576568604,
    1744.1577911376953,
    1744.1635131835938,
    1744.1737651824951,
    1744.2517280578613,
    1744.2786693572998,
    1744.3227767944336,
    1744.3697452545166,
    1744.3740367889404,
    1744.3780899047852,
    1744.537591934204,
    1744.5387840270996,
    1744.7395324707031,
    1745.2032566070557,
    1745.3444004058838,
    1938.5721683502197,
    1939.3253326416016,
    1939.3470287322998,
    1939.3603801727295,
    1939.405918121338,
    1939.4488334655762,
    1939.4559860229492,
    1939.4853115081787,
    2175.0171184539795,
    2604.8829555511475,
    2604.9246788024902,
    2605.0238609313965,
    2605.1220893859863,
    2605.2651405334473,
    2605.286121368408,
    2605.2908897399902,
    2605.750799179077,
    2606.6997051239014,
    2846.541404724121,
    3759.46044921875
  ],
  "errors": {},
  "config": {
    "prompt_url": "http://10.3.23.110:8003/api/services/vllm/3759681/prompt",
    "service_id": "3759681",
    "num_clients": 10,
    "requests_per_second": 0.2,
    "duration_seconds": 60,
    "prompts": [
      "Write a short poem about AI.",
      "Explain what machine learning is.",
      "Tell me a fun fact about computers.",
      "What is Python programming?"
    ],
    "max_tokens": 50,
    "temperature": 0.7,